system,doc_id,field,error_type,gold,pred
regex_baseline,edgar_0000024741_000120677424000271_glw4309191-ex103,landlord_name,FN_missed,ba leasing bsc llc,
regex_baseline,edgar_0000024741_000120677424000271_glw4309191-ex103,tenant_name,FN_missed,solar technology llc,
regex_baseline,edgar_0000024741_000120677424000271_glw4309191-ex103,property_address,FN_missed,town 12 north range 2 east richland township saginaw county michigan,
regex_baseline,edgar_0000024741_000120677424000271_glw4309191-ex103,property_type,FP_FN_wrong_value,industrial,commercial
regex_baseline,edgar_0000024741_000120677424000271_glw4309191-ex103,lease_start_date,FP_hallucinated,,2024-03-12
regex_baseline,edgar_0000024741_000120677424000271_glw4309191-ex103,lease_end_date,FP_hallucinated,,2024-03-12
regex_baseline,edgar_0000024741_000120677424000271_glw4309191-ex103,rent_frequency,FN_missed,monthly,
regex_baseline,edgar_0000029332_000002933224000020_ex10-53leaseagreementbetwe,landlord_name,FN_missed,adairsville ga llc,
regex_baseline,edgar_0000029332_000002933224000020_ex10-53leaseagreementbetwe,tenant_name,FN_missed,tdg operations llc,
regex_baseline,edgar_0000029332_000002933224000020_ex10-53leaseagreementbetwe,property_address,FN_missed,400 princeton boulevard adairsville gerogia 30103,
regex_baseline,edgar_0000029332_000002933224000020_ex10-53leaseagreementbetwe,property_type,FP_FN_wrong_value,commercial,industrial
regex_baseline,edgar_0000029332_000002933224000020_ex10-53leaseagreementbetwe,premises_area_sqft,FP_FN_wrong_value,294020.0,1826.0
regex_baseline,edgar_0000029332_000002933224000020_ex10-53leaseagreementbetwe,term_length_months,FN_missed,120,
regex_baseline,edgar_0000029332_000002933224000020_ex10-53leaseagreementbetwe,base_rent_amount,FN_missed,1495660.0,
regex_baseline,edgar_0000768835_000076883523000091_ex102biglotslease,landlord_name,FN_missed,bankers commercial corporation,
regex_baseline,edgar_0000768835_000076883523000091_ex102biglotslease,tenant_name,FN_missed,avdc llc,
regex_baseline,edgar_0000768835_000076883523000091_ex102biglotslease,property_address,FN_missed,445 s figueroa street 14 th floor los angeles california 90071,
regex_baseline,edgar_0000768835_000076883523000091_ex102biglotslease,lease_end_date,FN_missed,2028-03-15,
regex_baseline,edgar_0000768835_000076883523000091_ex102biglotslease,term_length_months,FN_missed,60,
regex_baseline,edgar_0000879911_000121390023051014_ea180790ex10-1-applied,landlord_name,FN_missed,arizona board of regents for and on behalf of the university of arizona,
regex_baseline,edgar_0000879911_000121390023051014_ea180790ex10-1-applied,tenant_name,FN_missed,campus research corporation,
regex_baseline,edgar_0000879911_000121390023051014_ea180790ex10-1-applied,property_type,FN_missed,industrial,
regex_baseline,edgar_0000879911_000121390023051014_ea180790ex10-1-applied,premises_area_sqft,FP_hallucinated,,25000.0
regex_baseline,edgar_0000879911_000121390023051617_ea180931ex10-1-applied,landlord_name,FN_missed,campus research corporation,
regex_baseline,edgar_0000879911_000121390023051617_ea180931ex10-1-applied,tenant_name,FN_missed,applied energetics inc,
regex_baseline,edgar_0000879911_000121390023051617_ea180931ex10-1-applied,property_type,FN_missed,commercial,
regex_baseline,edgar_0000879911_000121390023051617_ea180931ex10-1-applied,premises_area_sqft,FN_missed,18180.0,
regex_baseline,edgar_0000879911_000121390023051617_ea180931ex10-1-applied,base_rent_amount,FP_FN_wrong_value,17825.33,18270.97
regex_baseline,edgar_0000895464_000164033423000632_yubo-ex101,landlord_name,FN_missed,sichuan anyi hengke technology co ltd,
regex_baseline,edgar_0000895464_000164033423000632_yubo-ex101,tenant_name,FN_missed,yubo jingzhi biotechnology chengdu co ltd,
regex_baseline,edgar_0000895464_000164033423000632_yubo-ex101,premises_area_sqft,FN_missed,1282.34,
regex_baseline,edgar_0000895464_000164033423000632_yubo-ex101,term_length_months,FN_missed,54,
regex_baseline,edgar_0000895464_000164033423000632_yubo-ex101,base_rent_amount,FN_missed,330844.0,
regex_baseline,edgar_0000895464_000164033423000632_yubo-ex101,rent_frequency,FN_missed,annual,
regex_baseline,edgar_0000899923_000089992324000018_phasei-leaseterminationagr,landlord_name,FN_missed,hcpi utah ii llc,
regex_baseline,edgar_0000899923_000089992324000018_phasei-leaseterminationagr,tenant_name,FN_missed,myriad genetics inc,
regex_baseline,edgar_0000899923_000089992324000018_phasei-leaseterminationagr,property_address,FN_missed,320 wakara way salt lake city utah,
regex_baseline,edgar_0000899923_000089992324000018_phasei-leaseterminationagr,property_type,FP_FN_wrong_value,commercial,industrial
regex_baseline,edgar_0000899923_000089992324000018_phasei-leaseterminationagr,premises_area_sqft,FN_missed,48483.0,
regex_baseline,edgar_0000899923_000089992324000018_phasei-leaseterminationagr,lease_start_date,FP_FN_wrong_value,2016-02-03,1995-10-12
regex_baseline,edgar_0000899923_000089992324000018_phasei-leaseterminationagr,lease_end_date,FP_FN_wrong_value,2025-12-31,2026-01-15
regex_baseline,edgar_0000899923_000089992324000018_phasei-leaseterminationagr,rent_frequency,FP_hallucinated,,annual
regex_baseline,edgar_0000899923_000089992324000018_phaseii-leaseterminationag,landlord_name,FN_missed,hcpi utah ii llc,
regex_baseline,edgar_0000899923_000089992324000018_phaseii-leaseterminationag,tenant_name,FN_missed,myriad genetics inc,
regex_baseline,edgar_0000899923_000089992324000018_phaseii-leaseterminationag,property_address,FN_missed,320 wakara way salt lake city utah,
regex_baseline,edgar_0000899923_000089992324000018_phaseii-leaseterminationag,property_type,FP_FN_wrong_value,commercial,industrial
regex_baseline,edgar_0000899923_000089992324000018_phaseii-leaseterminationag,premises_area_sqft,FN_missed,48635.0,
regex_baseline,edgar_0000899923_000089992324000018_phaseii-leaseterminationag,lease_start_date,FP_FN_wrong_value,2016-02-03,1998-03-06
regex_baseline,edgar_0000899923_000089992324000018_phaseii-leaseterminationag,lease_end_date,FP_FN_wrong_value,2023-12-18,2026-01-15
regex_baseline,edgar_0000899923_000089992324000018_phaseii-leaseterminationag,rent_frequency,FP_hallucinated,,annual
regex_baseline,edgar_0001017303_000114036124013040_ef20015290-ex10-16,landlord_name,FN_missed,bomax properties llc,
regex_baseline,edgar_0001017303_000114036124013040_ef20015290-ex10-16,tenant_name,FN_missed,transact technologies incorporated,
regex_baseline,edgar_0001017303_000114036124013040_ef20015290-ex10-16,property_type,FP_FN_wrong_value,commercial,industrial
regex_baseline,edgar_0001017303_000114036124013040_ef20015290-ex10-16,lease_start_date,FP_FN_wrong_value,2001-07-18,1988-10-11
regex_baseline,edgar_0001017303_000114036124013040_ef20015290-ex10-16,lease_end_date,FP_FN_wrong_value,2011-07-18,2001-07-18
regex_baseline,edgar_0001017303_000114036124013040_ef20015290-ex10-16,term_length_months,FN_missed,120,
regex_baseline,edgar_0001017303_000114036124013040_ef20015290-ex10-16,base_rent_amount,FN_missed,517208.0,
regex_baseline,edgar_0001040161_000104016124000010_sanjoseleaseamendmentex1019,landlord_name,FN_missed,hudson concourse llc,
regex_baseline,edgar_0001040161_000104016124000010_sanjoseleaseamendmentex1019,tenant_name,FN_missed,pixelworks inc,
regex_baseline,edgar_0001040161_000104016124000010_sanjoseleaseamendmentex1019,property_address,FN_missed,226 airport parkway san jose california,
regex_baseline,edgar_0001040161_000104016124000010_sanjoseleaseamendmentex1019,property_type,FP_FN_wrong_value,commercial,retail
regex_baseline,edgar_0001040161_000104016124000010_sanjoseleaseamendmentex1019,premises_area_sqft,FN_missed,10051.0,
regex_baseline,edgar_0001040161_000104016124000010_sanjoseleaseamendmentex1019,lease_start_date,FP_hallucinated,,2005-12-28
regex_baseline,edgar_0001040161_000104016124000010_sanjoseleaseamendmentex1019,lease_end_date,FP_hallucinated,,2028-02-29
regex_baseline,edgar_0001040161_000104016124000010_sanjoseleaseamendmentex1019,base_rent_amount,FP_FN_wrong_value,22568.0,24661.43
regex_baseline,edgar_0001040161_000104016124000010_sanjoseleaseamendmentex1019,rent_frequency,FP_FN_wrong_value,monthly,annual
regex_baseline,edgar_0001074828_000165495422016732_knwn-ex1031,landlord_name,FN_missed,phil bosua,
regex_baseline,edgar_0001074828_000165495422016732_knwn-ex1031,tenant_name,FN_missed,know labs inc,
regex_baseline,edgar_0001074828_000165495422016732_knwn-ex1031,property_address,FN_missed,58969 carmelita circle yucca valley ca,
regex_baseline,edgar_0001074828_000165495422016732_knwn-ex1031,property_type,FP_FN_wrong_value,residential,commercial
regex_baseline,edgar_0001074828_000165495422016732_knwn-ex1031,term_length_months,FN_missed,25,
regex_baseline,edgar_0001075531_000107553122000046_saleleasebackspaexredacted,property_type,FP_hallucinated,,commercial
regex_baseline,edgar_0001075531_000107553122000046_saleleasebackspaexredacted,lease_start_date,FN_missed,2022-12-14,
regex_baseline,edgar_0001075531_000107553122000046_saleleasebackspaexredacted,base_rent_amount,FN_missed,1631422.27,
regex_baseline,edgar_0001095315_000109531522000095_freeportlease-pfswebexecut,landlord_name,FN_missed,crp ai freeport parkway owner l p,
regex_baseline,edgar_0001095315_000109531522000095_freeportlease-pfswebexecut,tenant_name,FN_missed,priority fulfillment services inc,
regex_baseline,edgar_0001095315_000109531522000095_freeportlease-pfswebexecut,property_address,FN_missed,4401 regent boulevard irving texas 75063,
regex_baseline,edgar_0001095315_000109531522000095_freeportlease-pfswebexecut,property_type,FP_FN_wrong_value,commercial,industrial
regex_baseline,edgar_0001095315_000109531522000095_freeportlease-pfswebexecut,premises_area_sqft,FN_missed,186900.0,
regex_baseline,edgar_0001095315_000109531522000095_freeportlease-pfswebexecut,lease_start_date,FP_FN_wrong_value,2023-07-01,2022-09-29
regex_baseline,edgar_0001095315_000109531522000095_freeportlease-pfswebexecut,lease_end_date,FP_hallucinated,,2023-07-01
regex_baseline,edgar_0001095315_000109531522000095_freeportlease-pfswebexecut,term_length_months,FN_missed,124,
regex_baseline,edgar_0001095315_000109531522000095_freeportlease-pfswebexecut,base_rent_amount,FP_FN_wrong_value,166652.5,227130.25
regex_baseline,edgar_0001095315_000109531522000095_freeportlease-pfswebexecut,rent_frequency,FP_FN_wrong_value,monthly,annual
regex_baseline,edgar_0001131312_000121390024024404_f10k2023ex10-4-zionoil,landlord_name,FN_missed,hartman spe llc,
regex_baseline,edgar_0001131312_000121390024024404_f10k2023ex10-4-zionoil,tenant_name,FN_missed,zion oil gas inc,
regex_baseline,edgar_0001131312_000121390024024404_f10k2023ex10-4-zionoil,property_address,FN_missed,12655 n central expressway dallas texas 75243,
regex_baseline,edgar_0001131312_000121390024024404_f10k2023ex10-4-zionoil,lease_start_date,FP_FN_wrong_value,2023-06-01,2015-09-10
regex_baseline,edgar_0001131312_000121390024024404_f10k2023ex10-4-zionoil,term_length_months,FN_missed,19,
regex_baseline,edgar_0001279620_000121390022077621_ea169621ex10-3-zonedpro,landlord_name,FN_missed,zp re mi woodward llc,
regex_baseline,edgar_0001279620_000121390022077621_ea169621ex10-3-zonedpro,tenant_name,FN_missed,rapid fish 2 llc,
regex_baseline,edgar_0001279620_000121390022077621_ea169621ex10-3-zonedpro,property_address,FN_missed,23600 23616 23622 and 23634 woodward ave pleasant ridge mi 48069,
regex_baseline,edgar_0001279620_000121390022077621_ea169621ex10-3-zonedpro,property_type,FP_FN_wrong_value,commercial,retail
regex_baseline,edgar_0001279620_000121390022077621_ea169621ex10-3-zonedpro,premises_area_sqft,FN_missed,5172.0,
regex_baseline,edgar_0001279620_000121390022077621_ea169621ex10-3-zonedpro,lease_start_date,FP_FN_wrong_value,2022-12-01,2022-11-29
regex_baseline,edgar_0001279620_000121390022077621_ea169621ex10-3-zonedpro,lease_end_date,FP_hallucinated,,2023-04-01
regex_baseline,edgar_0001279620_000121390022077621_ea169621ex10-3-zonedpro,term_length_months,FN_missed,180,
regex_baseline,edgar_0001279620_000121390022077621_ea169621ex10-3-zonedpro,base_rent_amount,FP_FN_wrong_value,40318.82,498340.62
regex_baseline,edgar_0001279620_000121390022077621_ea169621ex10-3-zonedpro,rent_frequency,FP_FN_wrong_value,monthly,annual
regex_baseline,edgar_0001279620_000121390023039488_f10q0323ex10-4-zonedprop,landlord_name,FN_missed,zp re mi woodward llc,
regex_baseline,edgar_0001279620_000121390023039488_f10q0323ex10-4-zonedprop,tenant_name,FN_missed,rapid fish llc,
regex_baseline,edgar_0001279620_000121390023039488_f10q0323ex10-4-zonedprop,property_address,FN_missed,23622 and 23616 woodward ave pleasant ridge mi 48069,
regex_baseline,edgar_0001279620_000121390023039488_f10q0323ex10-4-zonedprop,property_type,FP_FN_wrong_value,industrial,retail
regex_baseline,edgar_0001279620_000121390023039488_f10q0323ex10-4-zonedprop,lease_end_date,FP_hallucinated,,2023-05-14
regex_baseline,edgar_0001350102_000121390023031708_ea177087ex10-2-ascentsolar,landlord_name,FN_missed,flisom ag,
regex_baseline,edgar_0001350102_000121390023031708_ea177087ex10-2-ascentsolar,tenant_name,FN_missed,ascent solar technologies inc,
regex_baseline,edgar_0001350102_000121390023031708_ea177087ex10-2-ascentsolar,property_address,FN_missed,gewerbestrasse 16 8155 niederhasli switzerland,
regex_baseline,edgar_0001350102_000121390023031708_ea177087ex10-2-ascentsolar,property_type,FP_FN_wrong_value,industrial,commercial
regex_baseline,edgar_0001350102_000121390023031708_ea177087ex10-2-ascentsolar,lease_end_date,FP_hallucinated,,2024-01-01
regex_baseline,edgar_0001350102_000121390023031708_ea177087ex10-2-ascentsolar,base_rent_amount,FN_missed,52000.0,
regex_baseline,edgar_0001365388_000154812323000082_ex10-26,landlord_name,FN_missed,3 squirrels llc,
regex_baseline,edgar_0001365388_000154812323000082_ex10-26,tenant_name,FN_missed,high sierra technologies inc,
regex_baseline,edgar_0001365388_000154812323000082_ex10-26,property_type,FP_hallucinated,,commercial
regex_baseline,edgar_0001365388_000154812323000082_ex10-26,lease_start_date,FP_FN_wrong_value,2023-02-01,2021-11-09
regex_baseline,edgar_0001365388_000154812323000082_ex10-26,term_length_months,FN_missed,12,
regex_baseline,edgar_0001376339_000137633924000009_a102d-20240126leasefourtha,landlord_name,FN_missed,georgia re fields llc,
regex_baseline,edgar_0001376339_000137633924000009_a102d-20240126leasefourtha,tenant_name,FN_missed,mimedx group inc,
regex_baseline,edgar_0001376339_000137633924000009_a102d-20240126leasefourtha,property_address,FN_missed,1775 w oak commons marietta georgia,
regex_baseline,edgar_0001376339_000137633924000009_a102d-20240126leasefourtha,lease_end_date,FP_hallucinated,,2027-07-31
regex_baseline,edgar_0001376339_000137633924000009_a102d-20240126leasefourtha,base_rent_amount,FP_hallucinated,,109067.25
regex_baseline,edgar_0001376339_000137633924000009_a102d-20240126leasefourtha,rent_frequency,FP_hallucinated,,monthly
regex_baseline,edgar_0001391135_000109690623000958_lsfp-ex10z77,landlord_name,FN_missed,centerpoint unlimited limited liability company,
regex_baseline,edgar_0001391135_000109690623000958_lsfp-ex10z77,tenant_name,FN_missed,lifted liquids inc,
regex_baseline,edgar_0001391135_000109690623000958_lsfp-ex10z77,property_address,FN_missed,16178 us hwy 550 aztec san juan county new mexico,
regex_baseline,edgar_0001391135_000109690623000958_lsfp-ex10z77,premises_area_sqft,FP_hallucinated,,4800.0
regex_baseline,edgar_0001391135_000109690623000958_lsfp-ex10z77,base_rent_amount,FP_hallucinated,,3850.0
regex_baseline,edgar_0001391135_000109690623000958_lsfp-ex10z77,rent_frequency,FP_hallucinated,,monthly
regex_baseline,edgar_0001391135_000109690624000671_lsfp-ex1089,landlord_name,FN_missed,cr properties llc,
regex_baseline,edgar_0001391135_000109690624000671_lsfp-ex1089,tenant_name,FN_missed,lifted liquids inc,
regex_baseline,edgar_0001391135_000109690624000671_lsfp-ex1089,property_address,FN_missed,789 tech center drive unit c durango colorado 81301,
regex_baseline,edgar_0001391135_000109690624000671_lsfp-ex1089,premises_area_sqft,FP_FN_wrong_value,2205.0,1421.0
regex_baseline,edgar_0001391135_000109690624000671_lsfp-ex1089,lease_start_date,FN_missed,2024-03-01,
regex_baseline,edgar_0001391135_000109690624000671_lsfp-ex1089,lease_end_date,FN_missed,2025-02-28,
regex_baseline,edgar_0001391135_000109690624000671_lsfp-ex1089,term_length_months,FN_missed,12,
regex_baseline,edgar_0001391135_000109690624000671_lsfp-ex1089,base_rent_amount,FP_FN_wrong_value,2500.0,30000.0
regex_baseline,edgar_0001391135_000109690624000671_lsfp-ex1089,rent_frequency,FP_FN_wrong_value,monthly,annual
regex_baseline,edgar_0001398805_000168316824001808_beam-ex1001,landlord_name,FN_missed,cre south 25th associates llc,
regex_baseline,edgar_0001398805_000168316824001808_beam-ex1001,tenant_name,FN_missed,beam global,
regex_baseline,edgar_0001398805_000168316824001808_beam-ex1001,property_address,FN_missed,2600 south 25th street broadview il 60155,
regex_baseline,edgar_0001398805_000168316824001808_beam-ex1001,property_type,FP_FN_wrong_value,industrial,retail
regex_baseline,edgar_0001398805_000168316824001808_beam-ex1001,premises_area_sqft,FN_missed,15582.0,
regex_baseline,edgar_0001398805_000168316824001808_beam-ex1001,lease_start_date,FP_FN_wrong_value,2024-02-01,2020-04-27
regex_baseline,edgar_0001398805_000168316824001808_beam-ex1001,lease_end_date,FP_FN_wrong_value,2029-01-31,2024-02-01
regex_baseline,edgar_0001398805_000168316824001808_beam-ex1001,term_length_months,FN_missed,60,
regex_baseline,edgar_0001398805_000168316824001808_beam-ex1001,base_rent_amount,FP_FN_wrong_value,28350.0,352107.0
regex_baseline,edgar_0001415813_000168316823004406_unmonde-ex1004,landlord_name,FN_missed,sunnybrook education group,
regex_baseline,edgar_0001415813_000168316823004406_unmonde-ex1004,tenant_name,FN_missed,un monde international worldwide ltd,
regex_baseline,edgar_0001415813_000168316823004406_unmonde-ex1004,property_address,FN_missed,1 45a west wilmost st richmond hill on l4b 2p2 canada,
regex_baseline,edgar_0001415813_000168316823004406_unmonde-ex1004,rent_frequency,FP_hallucinated,,monthly
regex_baseline,edgar_0001450704_000168316822008581_vivakor-ex1001,landlord_name,FN_missed,w p development corporation,
regex_baseline,edgar_0001450704_000168316822008581_vivakor-ex1001,tenant_name,FN_missed,vivaventures remediation corp,
regex_baseline,edgar_0001450704_000168316822008581_vivakor-ex1001,property_address,FN_missed,w p industrial park 18511 beaumont highway houston texas,
regex_baseline,edgar_0001450704_000168316822008581_vivakor-ex1001,lease_start_date,FN_missed,2022-12-15,
regex_baseline,edgar_0001450704_000168316822008581_vivakor-ex1001,lease_end_date,FN_missed,2033-06-14,
regex_baseline,edgar_0001450704_000168316822008581_vivakor-ex1001,term_length_months,FN_missed,126,
regex_baseline,edgar_0001450704_000168316822008581_vivakor-ex1001,base_rent_amount,FP_hallucinated,,14560.8
regex_baseline,edgar_0001450704_000168316822008581_vivakor-ex1001,rent_frequency,FP_hallucinated,,monthly
regex_baseline,edgar_0001453687_000145368724000036_exhibit1011aleaseagreement,landlord_name,FN_missed,704 quince orchard owner llc,
regex_baseline,edgar_0001453687_000145368724000036_exhibit1011aleaseagreement,tenant_name,FN_missed,cartesian therapeutics inc,
regex_baseline,edgar_0001453687_000145368724000036_exhibit1011aleaseagreement,property_address,FN_missed,704 quince orchard road gaithersburg maryland,
regex_baseline,edgar_0001453687_000145368724000036_exhibit1011aleaseagreement,premises_area_sqft,FN_missed,4762.0,
regex_baseline,edgar_0001453687_000145368724000036_exhibit1011aleaseagreement,lease_end_date,FN_missed,2024-05-01,
regex_baseline,edgar_0001453687_000145368724000036_exhibit1011aleaseagreement,term_length_months,FN_missed,66,
regex_baseline,edgar_0001453687_000145368724000036_exhibit1012leasebetween749,landlord_name,FN_missed,7495 rp llc,
regex_baseline,edgar_0001453687_000145368724000036_exhibit1012leasebetween749,tenant_name,FN_missed,cartesian therapeutics inc,
regex_baseline,edgar_0001453687_000145368724000036_exhibit1012leasebetween749,property_address,FN_missed,7495 new horizon way frederick maryland 21702,
regex_baseline,edgar_0001453687_000145368724000036_exhibit1012leasebetween749,property_type,FN_missed,commercial,
regex_baseline,edgar_0001453687_000145368724000036_exhibit1012leasebetween749,lease_start_date,FP_FN_wrong_value,2024-02-28,2024-02-29
regex_baseline,edgar_0001453687_000145368724000036_exhibit1012leasebetween749,lease_end_date,FP_FN_wrong_value,2031-02-28,2024-04-01
regex_baseline,edgar_0001453687_000145368724000036_exhibit1012leasebetween749,term_length_months,FN_missed,84,
regex_baseline,edgar_0001453687_000145368724000036_exhibit1012leasebetween749,base_rent_amount,FP_FN_wrong_value,75196.08,89787.32
regex_baseline,edgar_0001453687_000145368724000036_exhibit1012leasebetween749,rent_frequency,FP_FN_wrong_value,monthly,annual
regex_baseline,edgar_0001551986_000155198622000102_ex-1019meterslease,landlord_name,FN_missed,crabtree terrace holdings llc,
regex_baseline,edgar_0001551986_000155198622000102_ex-1019meterslease,tenant_name,FN_missed,9 meters biopharma inc,
regex_baseline,edgar_0001551986_000155198622000102_ex-1019meterslease,property_type,FP_FN_wrong_value,commercial,retail
regex_baseline,edgar_0001551986_000155198622000102_ex-1019meterslease,premises_area_sqft,FP_FN_wrong_value,7418.0,173468.0
regex_baseline,edgar_0001551986_000155198622000102_ex-1019meterslease,lease_start_date,FP_hallucinated,,2023-04-01
regex_baseline,edgar_0001551986_000155198622000102_ex-1019meterslease,base_rent_amount,FP_hallucinated,,316229.34
regex_baseline,edgar_0001551986_000155198622000102_ex-1019meterslease,rent_frequency,FP_hallucinated,,annual
regex_baseline,edgar_0001553264_000168316822008699_aquapower-ex1011,landlord_name,FN_missed,franklin in lp,
regex_baseline,edgar_0001553264_000168316822008699_aquapower-ex1011,tenant_name,FN_missed,tradition logistics l l c,
regex_baseline,edgar_0001553264_000168316822008699_aquapower-ex1011,property_address,FN_missed,333 south franklin road indianapolis indiana,
regex_baseline,edgar_0001553264_000168316822008699_aquapower-ex1011,premises_area_sqft,FP_FN_wrong_value,389319.0,408395.0
regex_baseline,edgar_0001553264_000168316822008699_aquapower-ex1011,lease_start_date,FP_FN_wrong_value,2022-12-01,2022-10-01
regex_baseline,edgar_0001553264_000168316822008699_aquapower-ex1011,lease_end_date,FP_hallucinated,,2030-07-31
regex_baseline,edgar_0001553264_000168316822008699_aquapower-ex1011,base_rent_amount,FP_FN_wrong_value,126528.68,149523.62
regex_baseline,edgar_0001553264_000168316822008699_aquapower-ex1011,rent_frequency,FP_FN_wrong_value,monthly,annual
regex_baseline,edgar_0001617553_000161755322000054_ex101terminationofleaseagr,landlord_name,FN_missed,cousins fund ii phoenix iii llc,
regex_baseline,edgar_0001617553_000161755322000054_ex101terminationofleaseagr,tenant_name,FN_missed,ziprecruiter inc,
regex_baseline,edgar_0001617553_000161755322000054_ex101terminationofleaseagr,property_address,FN_missed,40 east rio salado tempe arizona 85281,
regex_baseline,edgar_0001617553_000161755322000054_ex101terminationofleaseagr,premises_area_sqft,FN_missed,27135.0,
regex_baseline,edgar_0001617553_000161755322000054_ex101terminationofleaseagr,rent_frequency,FP_hallucinated,,monthly
regex_baseline,edgar_0001650164_000165016423000159_ex101toastleasetermination,landlord_name,FN_missed,are ma region no 88 tenant llc,
regex_baseline,edgar_0001650164_000165016423000159_ex101toastleasetermination,tenant_name,FN_missed,toast inc,
regex_baseline,edgar_0001650164_000165016423000159_ex101toastleasetermination,property_address,FN_missed,401 park drive boston massachusetts,
regex_baseline,edgar_0001650164_000165016423000159_ex101toastleasetermination,property_type,FN_missed,commercial,
regex_baseline,edgar_0001650164_000165016423000159_ex101toastleasetermination,premises_area_sqft,FN_missed,133789.0,
regex_baseline,edgar_0001650164_000165016423000159_ex101toastleasetermination,lease_start_date,FP_FN_wrong_value,2015-06-12,2011-02-01
regex_baseline,edgar_0001650164_000165016423000159_ex101toastleasetermination,lease_end_date,FP_FN_wrong_value,2023-06-30,2029-12-31
regex_baseline,edgar_0001650164_000165016423000159_ex101toastleasetermination,rent_frequency,FP_hallucinated,,monthly
regex_baseline,edgar_0001689375_000168937524000016_ex1014entrada-idbleaseagre,landlord_name,FN_missed,idb 17 19 drydock limited partnership,
regex_baseline,edgar_0001689375_000168937524000016_ex1014entrada-idbleaseagre,tenant_name,FN_missed,entrada therapeutics inc,
regex_baseline,edgar_0001689375_000168937524000016_ex1014entrada-idbleaseagre,property_address,FN_missed,one design center place boston massachusetts,
regex_baseline,edgar_0001689375_000168937524000016_ex1014entrada-idbleaseagre,property_type,FP_FN_wrong_value,commercial,industrial
regex_baseline,edgar_0001689375_000168937524000016_ex1014entrada-idbleaseagre,lease_start_date,FP_FN_wrong_value,2022-04-01,2022-03-16
regex_baseline,edgar_0001689375_000168937524000016_ex1014entrada-idbleaseagre,lease_end_date,FP_hallucinated,,2022-12-01
regex_baseline,edgar_0001689375_000168937524000016_ex1014entrada-idbleaseagre,base_rent_amount,FP_hallucinated,,450.0
regex_baseline,edgar_0001689375_000168937524000016_ex1014entrada-idbleaseagre,rent_frequency,FP_hallucinated,,annual
regex_baseline,edgar_0001708176_000121390022070683_ea168341ex10-2-halloffame,landlord_name,FN_missed,hfakoh001 llc,
regex_baseline,edgar_0001708176_000121390022070683_ea168341ex10-2-halloffame,tenant_name,FN_missed,hof village waterpark llc,
regex_baseline,edgar_0001708176_000121390022070683_ea168341ex10-2-halloffame,lease_start_date,FP_FN_wrong_value,2022-11-07,2001-09-24
regex_baseline,edgar_0001708176_000121390022070683_ea168341ex10-2-halloffame,lease_end_date,FP_hallucinated,,2121-11-30
regex_baseline,edgar_0001708176_000121390022070683_ea168341ex10-2-halloffame,rent_frequency,FP_hallucinated,,annual
regex_baseline,edgar_0001708176_000121390024018617_ea0200951ex10-4-halloffame,landlord_name,FN_missed,hfakoh001 llc,
regex_baseline,edgar_0001708176_000121390024018617_ea0200951ex10-4-halloffame,tenant_name,FN_missed,hof village waterpark llc,
regex_baseline,edgar_0001708176_000121390024018617_ea0200951ex10-4-halloffame,property_type,FN_missed,commercial,
regex_baseline,edgar_0001708176_000121390024018617_ea0200951ex10-4-halloffame,lease_end_date,FP_hallucinated,,2024-05-01
regex_baseline,edgar_0001708176_000121390024018617_ea0200951ex10-4-halloffame,base_rent_amount,FP_hallucinated,,432614.17
regex_baseline,edgar_0001708176_000121390024018617_ea0200951ex10-4-halloffame,rent_frequency,FP_hallucinated,,annual
regex_baseline,edgar_0001710583_000171058322000046_ninthamendmenttoleasedated,landlord_name,FN_missed,beltway business park office no 2 llc,
regex_baseline,edgar_0001710583_000171058322000046_ninthamendmenttoleasedated,tenant_name,FN_missed,innevation l l c,
regex_baseline,edgar_0001710583_000171058322000046_ninthamendmenttoleasedated,property_address,FN_missed,6795 edmond street las vegas nevada,
regex_baseline,edgar_0001710583_000171058322000046_ninthamendmenttoleasedated,premises_area_sqft,FN_missed,38031.0,
regex_baseline,edgar_0001710583_000171058322000046_ninthamendmenttoleasedated,lease_end_date,FP_hallucinated,,2024-05-14
regex_baseline,edgar_0001710583_000171058322000046_ninthamendmenttoleasedated,base_rent_amount,FP_hallucinated,,83690.06
regex_baseline,edgar_0001710583_000171058322000046_ninthamendmenttoleasedated,rent_frequency,FP_hallucinated,,monthly
regex_baseline,edgar_0001807893_000107997324000379_ex10x7,landlord_name,FN_missed,marlenko acquisitions llc,
regex_baseline,edgar_0001807893_000107997324000379_ex10x7,tenant_name,FN_missed,standard premium finance management corporation,
regex_baseline,edgar_0001807893_000107997324000379_ex10x7,property_address,FN_missed,13590 sw 134 avenue suites 213 and 214 miami florida 33186,
regex_baseline,edgar_0001807893_000107997324000379_ex10x7,term_length_months,FN_missed,24,
regex_baseline,edgar_0001807893_000107997324000379_ex10x7,base_rent_amount,FN_missed,7048.8,
regex_baseline,edgar_0001823239_000182323924000032_aex1016xflandersleaseamend,landlord_name,FN_missed,10240 flanders investors llc,
regex_baseline,edgar_0001823239_000182323924000032_aex1016xflandersleaseamend,tenant_name,FN_missed,trilink biotechnologies llc,
regex_baseline,edgar_0001823239_000182323924000032_aex1016xflandersleaseamend,property_address,FN_missed,10240 flanders court and 10247 flanders court san diego california,
regex_baseline,edgar_0001823239_000182323924000032_aex1016xflandersleaseamend,property_type,FN_missed,industrial,
regex_baseline,edgar_0001823239_000182323924000032_aex1016xflandersleaseamend,premises_area_sqft,FN_missed,65006.0,
regex_baseline,edgar_0001823239_000182323924000032_aex1016xflandersleaseamend,lease_end_date,FP_hallucinated,,2021-10-14
regex_baseline,edgar_0001823239_000182323924000032_aex1016xflandersleaseamend,rent_frequency,FP_hallucinated,,monthly
regex_baseline,edgar_0001823239_000182323924000032_aex1017xflandersleaseamend,landlord_name,FN_missed,10240 flanders investors llc,
regex_baseline,edgar_0001823239_000182323924000032_aex1017xflandersleaseamend,tenant_name,FN_missed,trilink biotechnologies llc,
regex_baseline,edgar_0001823239_000182323924000032_aex1017xflandersleaseamend,property_address,FN_missed,10240 flanders court and 10247 flanders court san diego california,
regex_baseline,edgar_0001823239_000182323924000032_aex1017xflandersleaseamend,property_type,FN_missed,industrial,
regex_baseline,edgar_0001823239_000182323924000032_aex1017xflandersleaseamend,premises_area_sqft,FN_missed,65006.0,
regex_baseline,edgar_0001823239_000182323924000032_aex1017xflandersleaseamend,lease_end_date,FP_hallucinated,,2022-10-01
regex_baseline,edgar_0001841425_000121390024027258_ea020147501ex10-22-verde,landlord_name,FN_missed,hillsborough park l l c,
regex_baseline,edgar_0001841425_000121390024027258_ea020147501ex10-22-verde,tenant_name,FN_missed,bluescape clean fuels llc,
regex_baseline,edgar_0001841425_000121390024027258_ea020147501ex10-22-verde,property_type,FP_FN_wrong_value,industrial,commercial
regex_baseline,edgar_0001841425_000121390024027258_ea020147501ex10-22-verde,premises_area_sqft,FN_missed,34388.0,
regex_baseline,edgar_0001841425_000121390024027258_ea020147501ex10-22-verde,lease_end_date,FP_hallucinated,,2026-04-30
regex_baseline,edgar_0001841425_000121390024027258_ea020147501ex10-22-verde,base_rent_amount,FP_hallucinated,,27223.83
regex_baseline,edgar_0001841425_000121390024027258_ea020147501ex10-22-verde,rent_frequency,FP_hallucinated,,monthly
regex_baseline,edgar_0001872525_000121390023044681_ea179615ex10-1-stranandco,landlord_name,FN_missed,miller family walpole llc,
regex_baseline,edgar_0001872525_000121390023044681_ea179615ex10-1-stranandco,tenant_name,FN_missed,stran company inc,
regex_baseline,edgar_0001872525_000121390023044681_ea179615ex10-1-stranandco,property_address,FN_missed,290 south street walpole norfolk county massachusetts 02081,
regex_baseline,edgar_0001872525_000121390023044681_ea179615ex10-1-stranandco,lease_start_date,FP_FN_wrong_value,2023-06-01,2023-05-31
regex_baseline,edgar_0001872525_000121390023044681_ea179615ex10-1-stranandco,lease_end_date,FP_FN_wrong_value,2033-05-31,2028-05-31
regex_baseline,edgar_0001872525_000121390023044681_ea179615ex10-1-stranandco,term_length_months,FN_missed,120,
regex_baseline,edgar_0001872525_000121390023044681_ea179615ex10-1-stranandco,base_rent_amount,FP_FN_wrong_value,14962.5,186803.82
regex_baseline,edgar_0001872525_000121390023044681_ea179615ex10-1-stranandco,rent_frequency,FP_FN_wrong_value,monthly,annual
regex_baseline,edgar_0001899287_000189928723000037_leaseagreementdatedapril15,landlord_name,FN_missed,starboard platform brighton jv llc,
regex_baseline,edgar_0001899287_000189928723000037_leaseagreementdatedapril15,tenant_name,FN_missed,amprius technologies inc,
regex_baseline,edgar_0001899287_000189928723000037_leaseagreementdatedapril15,property_address,FN_missed,18875 east bromley lane brighton colorado 80601,
regex_baseline,edgar_0001899287_000189928723000037_leaseagreementdatedapril15,premises_area_sqft,FP_FN_wrong_value,774155.0,1280071.0
regex_baseline,edgar_0001899287_000189928723000037_leaseagreementdatedapril15,lease_end_date,FP_hallucinated,,2039-05-31
regex_baseline,edgar_0001899287_000189928723000037_leaseagreementdatedapril15,base_rent_amount,FP_hallucinated,,454276.25
regex_baseline,edgar_0001899287_000189928723000037_leaseagreementdatedapril15,rent_frequency,FP_hallucinated,,annual
ner_hybrid,edgar_0000024741_000120677424000271_glw4309191-ex103,landlord_name,FP_FN_wrong_value,ba leasing bsc llc,solar technology llc
ner_hybrid,edgar_0000024741_000120677424000271_glw4309191-ex103,tenant_name,FP_FN_wrong_value,solar technology llc,ba leasing bsc
ner_hybrid,edgar_0000024741_000120677424000271_glw4309191-ex103,property_address,FP_FN_wrong_value,town 12 north range 2 east richland township saginaw county michigan,delaware
ner_hybrid,edgar_0000024741_000120677424000271_glw4309191-ex103,property_type,FN_missed,industrial,
ner_hybrid,edgar_0000024741_000120677424000271_glw4309191-ex103,rent_frequency,FN_missed,monthly,
ner_hybrid,edgar_0000029332_000002933224000020_ex10-53leaseagreementbetwe,property_type,FN_missed,commercial,
ner_hybrid,edgar_0000029332_000002933224000020_ex10-53leaseagreementbetwe,premises_area_sqft,FN_missed,294020.0,
ner_hybrid,edgar_0000029332_000002933224000020_ex10-53leaseagreementbetwe,term_length_months,FN_missed,120,
ner_hybrid,edgar_0000029332_000002933224000020_ex10-53leaseagreementbetwe,base_rent_amount,FN_missed,1495660.0,
ner_hybrid,edgar_0000029332_000002933224000020_ex10-53leaseagreementbetwe,rent_frequency,FN_missed,annual,
ner_hybrid,edgar_0000768835_000076883523000091_ex102biglotslease,landlord_name,FP_FN_wrong_value,bankers commercial corporation,less
ner_hybrid,edgar_0000768835_000076883523000091_ex102biglotslease,tenant_name,FP_FN_wrong_value,avdc llc,less
ner_hybrid,edgar_0000768835_000076883523000091_ex102biglotslease,property_type,FN_missed,commercial,
ner_hybrid,edgar_0000768835_000076883523000091_ex102biglotslease,lease_start_date,FN_missed,2023-03-15,
ner_hybrid,edgar_0000768835_000076883523000091_ex102biglotslease,lease_end_date,FN_missed,2028-03-15,
ner_hybrid,edgar_0000768835_000076883523000091_ex102biglotslease,term_length_months,FN_missed,60,
ner_hybrid,edgar_0000879911_000121390023051014_ea180790ex10-1-applied,tenant_name,FP_FN_wrong_value,campus research corporation,university of arizona
ner_hybrid,edgar_0000879911_000121390023051014_ea180790ex10-1-applied,property_address,FP_hallucinated,,arizona
ner_hybrid,edgar_0000879911_000121390023051014_ea180790ex10-1-applied,property_type,FN_missed,industrial,
ner_hybrid,edgar_0000879911_000121390023051014_ea180790ex10-1-applied,lease_start_date,FN_missed,1994-08-05,
ner_hybrid,edgar_0000879911_000121390023051014_ea180790ex10-1-applied,lease_end_date,FN_missed,2033-07-31,
ner_hybrid,edgar_0000879911_000121390023051617_ea180931ex10-1-applied,landlord_name,FP_FN_wrong_value,campus research corporation,ene
ner_hybrid,edgar_0000879911_000121390023051617_ea180931ex10-1-applied,tenant_name,FP_FN_wrong_value,applied energetics inc,in
ner_hybrid,edgar_0000879911_000121390023051617_ea180931ex10-1-applied,property_address,FP_hallucinated,,arizona
ner_hybrid,edgar_0000879911_000121390023051617_ea180931ex10-1-applied,property_type,FN_missed,commercial,
ner_hybrid,edgar_0000879911_000121390023051617_ea180931ex10-1-applied,premises_area_sqft,FN_missed,18180.0,
ner_hybrid,edgar_0000879911_000121390023051617_ea180931ex10-1-applied,lease_start_date,FN_missed,2021-03-15,
ner_hybrid,edgar_0000879911_000121390023051617_ea180931ex10-1-applied,lease_end_date,FN_missed,2028-07-31,
ner_hybrid,edgar_0000879911_000121390023051617_ea180931ex10-1-applied,base_rent_amount,FN_missed,17825.33,
ner_hybrid,edgar_0000879911_000121390023051617_ea180931ex10-1-applied,rent_frequency,FN_missed,monthly,
ner_hybrid,edgar_0000895464_000164033423000632_yubo-ex101,landlord_name,FP_FN_wrong_value,sichuan anyi hengke technology co ltd,h
ner_hybrid,edgar_0000895464_000164033423000632_yubo-ex101,tenant_name,FP_FN_wrong_value,yubo jingzhi biotechnology chengdu co ltd,sichuan anyi hengke technology co
ner_hybrid,edgar_0000895464_000164033423000632_yubo-ex101,property_address,FP_hallucinated,,furong avenue
ner_hybrid,edgar_0000895464_000164033423000632_yubo-ex101,property_type,FN_missed,commercial,
ner_hybrid,edgar_0000895464_000164033423000632_yubo-ex101,premises_area_sqft,FN_missed,1282.34,
ner_hybrid,edgar_0000895464_000164033423000632_yubo-ex101,lease_start_date,FN_missed,2021-09-01,
ner_hybrid,edgar_0000895464_000164033423000632_yubo-ex101,lease_end_date,FN_missed,2026-02-28,
ner_hybrid,edgar_0000895464_000164033423000632_yubo-ex101,term_length_months,FN_missed,54,
ner_hybrid,edgar_0000895464_000164033423000632_yubo-ex101,base_rent_amount,FN_missed,330844.0,
ner_hybrid,edgar_0000895464_000164033423000632_yubo-ex101,rent_frequency,FN_missed,annual,
ner_hybrid,edgar_0000899923_000089992324000018_phasei-leaseterminationagr,tenant_name,FP_FN_wrong_value,myriad genetics inc,utah ii
ner_hybrid,edgar_0000899923_000089992324000018_phasei-leaseterminationagr,property_address,FP_FN_wrong_value,320 wakara way salt lake city utah,delaware
ner_hybrid,edgar_0000899923_000089992324000018_phasei-leaseterminationagr,property_type,FN_missed,commercial,
ner_hybrid,edgar_0000899923_000089992324000018_phasei-leaseterminationagr,premises_area_sqft,FN_missed,48483.0,
ner_hybrid,edgar_0000899923_000089992324000018_phasei-leaseterminationagr,lease_start_date,FN_missed,2016-02-03,
ner_hybrid,edgar_0000899923_000089992324000018_phasei-leaseterminationagr,lease_end_date,FN_missed,2025-12-31,
ner_hybrid,edgar_0000899923_000089992324000018_phaseii-leaseterminationag,tenant_name,FP_FN_wrong_value,myriad genetics inc,utah ii
ner_hybrid,edgar_0000899923_000089992324000018_phaseii-leaseterminationag,property_address,FP_FN_wrong_value,320 wakara way salt lake city utah,delaware
ner_hybrid,edgar_0000899923_000089992324000018_phaseii-leaseterminationag,property_type,FN_missed,commercial,
ner_hybrid,edgar_0000899923_000089992324000018_phaseii-leaseterminationag,premises_area_sqft,FN_missed,48635.0,
ner_hybrid,edgar_0000899923_000089992324000018_phaseii-leaseterminationag,lease_start_date,FN_missed,2016-02-03,
ner_hybrid,edgar_0000899923_000089992324000018_phaseii-leaseterminationag,lease_end_date,FN_missed,2023-12-18,
ner_hybrid,edgar_0001017303_000114036124013040_ef20015290-ex10-16,landlord_name,FP_FN_wrong_value,bomax properties llc,bomax prop
ner_hybrid,edgar_0001017303_000114036124013040_ef20015290-ex10-16,tenant_name,FP_FN_wrong_value,transact technologies incorporated,llc
ner_hybrid,edgar_0001017303_000114036124013040_ef20015290-ex10-16,property_address,FP_hallucinated,,new york
ner_hybrid,edgar_0001017303_000114036124013040_ef20015290-ex10-16,property_type,FN_missed,commercial,
ner_hybrid,edgar_0001017303_000114036124013040_ef20015290-ex10-16,premises_area_sqft,FN_missed,73887.0,
ner_hybrid,edgar_0001017303_000114036124013040_ef20015290-ex10-16,lease_start_date,FN_missed,2001-07-18,
ner_hybrid,edgar_0001017303_000114036124013040_ef20015290-ex10-16,lease_end_date,FN_missed,2011-07-18,
ner_hybrid,edgar_0001017303_000114036124013040_ef20015290-ex10-16,term_length_months,FN_missed,120,
ner_hybrid,edgar_0001017303_000114036124013040_ef20015290-ex10-16,base_rent_amount,FN_missed,517208.0,
ner_hybrid,edgar_0001017303_000114036124013040_ef20015290-ex10-16,rent_frequency,FN_missed,annual,
ner_hybrid,edgar_0001040161_000104016124000010_sanjoseleaseamendmentex1019,landlord_name,FP_FN_wrong_value,hudson concourse llc,hudson co
ner_hybrid,edgar_0001040161_000104016124000010_sanjoseleaseamendmentex1019,tenant_name,FP_FN_wrong_value,pixelworks inc,delaware limited liability company
ner_hybrid,edgar_0001040161_000104016124000010_sanjoseleaseamendmentex1019,property_address,FP_FN_wrong_value,226 airport parkway san jose california,oregon
ner_hybrid,edgar_0001040161_000104016124000010_sanjoseleaseamendmentex1019,property_type,FN_missed,commercial,
ner_hybrid,edgar_0001040161_000104016124000010_sanjoseleaseamendmentex1019,premises_area_sqft,FN_missed,10051.0,
ner_hybrid,edgar_0001040161_000104016124000010_sanjoseleaseamendmentex1019,base_rent_amount,FN_missed,22568.0,
ner_hybrid,edgar_0001040161_000104016124000010_sanjoseleaseamendmentex1019,rent_frequency,FN_missed,monthly,
ner_hybrid,edgar_0001074828_000165495422016732_knwn-ex1031,landlord_name,FP_FN_wrong_value,phil bosua,know labs inc
ner_hybrid,edgar_0001074828_000165495422016732_knwn-ex1031,tenant_name,FP_FN_wrong_value,know labs inc,tenants
ner_hybrid,edgar_0001074828_000165495422016732_knwn-ex1031,property_type,FN_missed,residential,
ner_hybrid,edgar_0001074828_000165495422016732_knwn-ex1031,premises_area_sqft,FN_missed,1700.0,
ner_hybrid,edgar_0001074828_000165495422016732_knwn-ex1031,lease_start_date,FN_missed,2021-09-01,
ner_hybrid,edgar_0001074828_000165495422016732_knwn-ex1031,lease_end_date,FN_missed,2023-09-30,
ner_hybrid,edgar_0001074828_000165495422016732_knwn-ex1031,term_length_months,FN_missed,25,
ner_hybrid,edgar_0001074828_000165495422016732_knwn-ex1031,base_rent_amount,FN_missed,7000.0,
ner_hybrid,edgar_0001074828_000165495422016732_knwn-ex1031,rent_frequency,FN_missed,monthly,
ner_hybrid,edgar_0001075531_000107553122000046_saleleasebackspaexredacted,landlord_name,FP_hallucinated,,d
ner_hybrid,edgar_0001075531_000107553122000046_saleleasebackspaexredacted,tenant_name,FP_hallucinated,,i
ner_hybrid,edgar_0001075531_000107553122000046_saleleasebackspaexredacted,property_address,FP_hallucinated,,amsterdam
ner_hybrid,edgar_0001075531_000107553122000046_saleleasebackspaexredacted,lease_start_date,FN_missed,2022-12-14,
ner_hybrid,edgar_0001075531_000107553122000046_saleleasebackspaexredacted,base_rent_amount,FN_missed,1631422.27,
ner_hybrid,edgar_0001075531_000107553122000046_saleleasebackspaexredacted,rent_frequency,FN_missed,annual,
ner_hybrid,edgar_0001095315_000109531522000095_freeportlease-pfswebexecut,landlord_name,FP_FN_wrong_value,crp ai freeport parkway owner l p,par
ner_hybrid,edgar_0001095315_000109531522000095_freeportlease-pfswebexecut,tenant_name,FP_FN_wrong_value,priority fulfillment services inc,l
ner_hybrid,edgar_0001095315_000109531522000095_freeportlease-pfswebexecut,property_address,FP_FN_wrong_value,4401 regent boulevard irving texas 75063,l
ner_hybrid,edgar_0001095315_000109531522000095_freeportlease-pfswebexecut,property_type,FN_missed,commercial,
ner_hybrid,edgar_0001095315_000109531522000095_freeportlease-pfswebexecut,premises_area_sqft,FN_missed,186900.0,
ner_hybrid,edgar_0001095315_000109531522000095_freeportlease-pfswebexecut,lease_start_date,FN_missed,2023-07-01,
ner_hybrid,edgar_0001095315_000109531522000095_freeportlease-pfswebexecut,term_length_months,FN_missed,124,
ner_hybrid,edgar_0001095315_000109531522000095_freeportlease-pfswebexecut,base_rent_amount,FN_missed,166652.5,
ner_hybrid,edgar_0001095315_000109531522000095_freeportlease-pfswebexecut,rent_frequency,FN_missed,monthly,
ner_hybrid,edgar_0001131312_000121390024024404_f10k2023ex10-4-zionoil,landlord_name,FP_FN_wrong_value,hartman spe llc,zion oil
ner_hybrid,edgar_0001131312_000121390024024404_f10k2023ex10-4-zionoil,tenant_name,FP_FN_wrong_value,zion oil gas inc,in
ner_hybrid,edgar_0001131312_000121390024024404_f10k2023ex10-4-zionoil,property_address,FP_FN_wrong_value,12655 n central expressway dallas texas 75243,delaware
ner_hybrid,edgar_0001131312_000121390024024404_f10k2023ex10-4-zionoil,property_type,FN_missed,commercial,
ner_hybrid,edgar_0001131312_000121390024024404_f10k2023ex10-4-zionoil,premises_area_sqft,FN_missed,8774.0,
ner_hybrid,edgar_0001131312_000121390024024404_f10k2023ex10-4-zionoil,lease_start_date,FN_missed,2023-06-01,
ner_hybrid,edgar_0001131312_000121390024024404_f10k2023ex10-4-zionoil,lease_end_date,FN_missed,2024-12-31,
ner_hybrid,edgar_0001131312_000121390024024404_f10k2023ex10-4-zionoil,term_length_months,FN_missed,19,
ner_hybrid,edgar_0001131312_000121390024024404_f10k2023ex10-4-zionoil,base_rent_amount,FN_missed,7677.25,
ner_hybrid,edgar_0001131312_000121390024024404_f10k2023ex10-4-zionoil,rent_frequency,FN_missed,monthly,
ner_hybrid,edgar_0001279620_000121390022077621_ea169621ex10-3-zonedpro,landlord_name,FP_FN_wrong_value,zp re mi woodward llc,or
ner_hybrid,edgar_0001279620_000121390022077621_ea169621ex10-3-zonedpro,tenant_name,FP_FN_wrong_value,rapid fish 2 llc,property
ner_hybrid,edgar_0001279620_000121390022077621_ea169621ex10-3-zonedpro,property_address,FP_FN_wrong_value,23600 23616 23622 and 23634 woodward ave pleasant ridge mi 48069,e
ner_hybrid,edgar_0001279620_000121390022077621_ea169621ex10-3-zonedpro,property_type,FN_missed,commercial,
ner_hybrid,edgar_0001279620_000121390022077621_ea169621ex10-3-zonedpro,premises_area_sqft,FN_missed,5172.0,
ner_hybrid,edgar_0001279620_000121390022077621_ea169621ex10-3-zonedpro,lease_start_date,FN_missed,2022-12-01,
ner_hybrid,edgar_0001279620_000121390022077621_ea169621ex10-3-zonedpro,term_length_months,FN_missed,180,
ner_hybrid,edgar_0001279620_000121390022077621_ea169621ex10-3-zonedpro,base_rent_amount,FN_missed,40318.82,
ner_hybrid,edgar_0001279620_000121390022077621_ea169621ex10-3-zonedpro,rent_frequency,FN_missed,monthly,
ner_hybrid,edgar_0001279620_000121390023039488_f10q0323ex10-4-zonedprop,landlord_name,FP_FN_wrong_value,zp re mi woodward llc,ra
ner_hybrid,edgar_0001279620_000121390023039488_f10q0323ex10-4-zonedprop,tenant_name,FP_FN_wrong_value,rapid fish llc,z
ner_hybrid,edgar_0001279620_000121390023039488_f10q0323ex10-4-zonedprop,property_address,FP_FN_wrong_value,23622 and 23616 woodward ave pleasant ridge mi 48069,michigan
ner_hybrid,edgar_0001279620_000121390023039488_f10q0323ex10-4-zonedprop,property_type,FN_missed,industrial,
ner_hybrid,edgar_0001279620_000121390023039488_f10q0323ex10-4-zonedprop,lease_start_date,FN_missed,2022-12-01,
ner_hybrid,edgar_0001350102_000121390023031708_ea177087ex10-2-ascentsolar,tenant_name,FP_FN_wrong_value,ascent solar technologies inc,as
ner_hybrid,edgar_0001350102_000121390023031708_ea177087ex10-2-ascentsolar,property_type,FN_missed,industrial,
ner_hybrid,edgar_0001350102_000121390023031708_ea177087ex10-2-ascentsolar,lease_start_date,FN_missed,2023-04-17,
ner_hybrid,edgar_0001350102_000121390023031708_ea177087ex10-2-ascentsolar,base_rent_amount,FN_missed,52000.0,
ner_hybrid,edgar_0001350102_000121390023031708_ea177087ex10-2-ascentsolar,rent_frequency,FN_missed,monthly,
ner_hybrid,edgar_0001365388_000154812323000082_ex10-26,lease_start_date,FN_missed,2023-02-01,
ner_hybrid,edgar_0001365388_000154812323000082_ex10-26,lease_end_date,FN_missed,2024-01-31,
ner_hybrid,edgar_0001365388_000154812323000082_ex10-26,term_length_months,FN_missed,12,
ner_hybrid,edgar_0001365388_000154812323000082_ex10-26,base_rent_amount,FN_missed,1291.36,
ner_hybrid,edgar_0001365388_000154812323000082_ex10-26,rent_frequency,FN_missed,monthly,
ner_hybrid,edgar_0001376339_000137633924000009_a102d-20240126leasefourtha,landlord_name,FP_FN_wrong_value,georgia re fields llc,georgia r
ner_hybrid,edgar_0001376339_000137633924000009_a102d-20240126leasefourtha,tenant_name,FP_FN_wrong_value,mimedx group inc,f
ner_hybrid,edgar_0001376339_000137633924000009_a102d-20240126leasefourtha,premises_area_sqft,FN_missed,79854.0,
ner_hybrid,edgar_0001376339_000137633924000009_a102d-20240126leasefourtha,lease_start_date,FN_missed,2013-01-25,
ner_hybrid,edgar_0001391135_000109690623000958_lsfp-ex10z77,landlord_name,FP_FN_wrong_value,centerpoint unlimited limited liability company,oculus crs
ner_hybrid,edgar_0001391135_000109690623000958_lsfp-ex10z77,tenant_name,FP_FN_wrong_value,lifted liquids inc,llc
ner_hybrid,edgar_0001391135_000109690623000958_lsfp-ex10z77,property_address,FP_FN_wrong_value,16178 us hwy 550 aztec san juan county new mexico,a
ner_hybrid,edgar_0001391135_000109690623000958_lsfp-ex10z77,lease_start_date,FN_missed,2022-11-26,
ner_hybrid,edgar_0001391135_000109690624000671_lsfp-ex1089,property_type,FN_missed,industrial,
ner_hybrid,edgar_0001391135_000109690624000671_lsfp-ex1089,premises_area_sqft,FN_missed,2205.0,
ner_hybrid,edgar_0001391135_000109690624000671_lsfp-ex1089,lease_start_date,FN_missed,2024-03-01,
ner_hybrid,edgar_0001391135_000109690624000671_lsfp-ex1089,lease_end_date,FN_missed,2025-02-28,
ner_hybrid,edgar_0001391135_000109690624000671_lsfp-ex1089,term_length_months,FN_missed,12,
ner_hybrid,edgar_0001391135_000109690624000671_lsfp-ex1089,base_rent_amount,FN_missed,2500.0,
ner_hybrid,edgar_0001391135_000109690624000671_lsfp-ex1089,rent_frequency,FN_missed,monthly,
ner_hybrid,edgar_0001398805_000168316824001808_beam-ex1001,landlord_name,FP_FN_wrong_value,cre south 25th associates llc,as
ner_hybrid,edgar_0001398805_000168316824001808_beam-ex1001,tenant_name,FP_FN_wrong_value,beam global,gl
ner_hybrid,edgar_0001398805_000168316824001808_beam-ex1001,property_address,FP_FN_wrong_value,2600 south 25th street broadview il 60155,delaware
ner_hybrid,edgar_0001398805_000168316824001808_beam-ex1001,property_type,FN_missed,industrial,
ner_hybrid,edgar_0001398805_000168316824001808_beam-ex1001,premises_area_sqft,FN_missed,15582.0,
ner_hybrid,edgar_0001398805_000168316824001808_beam-ex1001,lease_start_date,FN_missed,2024-02-01,
ner_hybrid,edgar_0001398805_000168316824001808_beam-ex1001,lease_end_date,FN_missed,2029-01-31,
ner_hybrid,edgar_0001398805_000168316824001808_beam-ex1001,term_length_months,FN_missed,60,
ner_hybrid,edgar_0001398805_000168316824001808_beam-ex1001,base_rent_amount,FN_missed,28350.0,
ner_hybrid,edgar_0001398805_000168316824001808_beam-ex1001,rent_frequency,FN_missed,monthly,
ner_hybrid,edgar_0001415813_000168316823004406_unmonde-ex1004,tenant_name,FP_FN_wrong_value,un monde international worldwide ltd,canada telephone
ner_hybrid,edgar_0001415813_000168316823004406_unmonde-ex1004,property_type,FN_missed,commercial,
ner_hybrid,edgar_0001415813_000168316823004406_unmonde-ex1004,lease_start_date,FN_missed,2023-05-01,
ner_hybrid,edgar_0001450704_000168316822008581_vivakor-ex1001,tenant_name,FP_FN_wrong_value,vivaventures remediation corp,w p
ner_hybrid,edgar_0001450704_000168316822008581_vivakor-ex1001,property_type,FN_missed,industrial,
ner_hybrid,edgar_0001450704_000168316822008581_vivakor-ex1001,lease_start_date,FN_missed,2022-12-15,
ner_hybrid,edgar_0001450704_000168316822008581_vivakor-ex1001,lease_end_date,FN_missed,2033-06-14,
ner_hybrid,edgar_0001450704_000168316822008581_vivakor-ex1001,term_length_months,FN_missed,126,
ner_hybrid,edgar_0001453687_000145368724000036_exhibit1011aleaseagreement,landlord_name,FP_FN_wrong_value,704 quince orchard owner llc,q
ner_hybrid,edgar_0001453687_000145368724000036_exhibit1011aleaseagreement,tenant_name,FP_FN_wrong_value,cartesian therapeutics inc,llc
ner_hybrid,edgar_0001453687_000145368724000036_exhibit1011aleaseagreement,property_address,FP_FN_wrong_value,704 quince orchard road gaithersburg maryland,quin
ner_hybrid,edgar_0001453687_000145368724000036_exhibit1011aleaseagreement,property_type,FN_missed,commercial,
ner_hybrid,edgar_0001453687_000145368724000036_exhibit1011aleaseagreement,premises_area_sqft,FN_missed,4762.0,
ner_hybrid,edgar_0001453687_000145368724000036_exhibit1011aleaseagreement,lease_start_date,FN_missed,2018-11-01,
ner_hybrid,edgar_0001453687_000145368724000036_exhibit1011aleaseagreement,lease_end_date,FN_missed,2024-05-01,
ner_hybrid,edgar_0001453687_000145368724000036_exhibit1011aleaseagreement,term_length_months,FN_missed,66,
ner_hybrid,edgar_0001453687_000145368724000036_exhibit1011aleaseagreement,rent_frequency,FN_missed,annual,
ner_hybrid,edgar_0001453687_000145368724000036_exhibit1012leasebetween749,tenant_name,FP_FN_wrong_value,cartesian therapeutics inc,in
ner_hybrid,edgar_0001453687_000145368724000036_exhibit1012leasebetween749,property_type,FN_missed,commercial,
ner_hybrid,edgar_0001453687_000145368724000036_exhibit1012leasebetween749,premises_area_sqft,FN_missed,19199.0,
ner_hybrid,edgar_0001453687_000145368724000036_exhibit1012leasebetween749,lease_start_date,FN_missed,2024-02-28,
ner_hybrid,edgar_0001453687_000145368724000036_exhibit1012leasebetween749,lease_end_date,FN_missed,2031-02-28,
ner_hybrid,edgar_0001453687_000145368724000036_exhibit1012leasebetween749,term_length_months,FN_missed,84,
ner_hybrid,edgar_0001453687_000145368724000036_exhibit1012leasebetween749,base_rent_amount,FN_missed,75196.08,
ner_hybrid,edgar_0001453687_000145368724000036_exhibit1012leasebetween749,rent_frequency,FN_missed,monthly,
ner_hybrid,edgar_0001551986_000155198622000102_ex-1019meterslease,property_address,FP_hallucinated,,cr
ner_hybrid,edgar_0001551986_000155198622000102_ex-1019meterslease,property_type,FN_missed,commercial,
ner_hybrid,edgar_0001551986_000155198622000102_ex-1019meterslease,premises_area_sqft,FN_missed,7418.0,
ner_hybrid,edgar_0001553264_000168316822008699_aquapower-ex1011,tenant_name,FP_FN_wrong_value,tradition logistics l l c,lp
ner_hybrid,edgar_0001553264_000168316822008699_aquapower-ex1011,property_address,FP_FN_wrong_value,333 south franklin road indianapolis indiana,in
ner_hybrid,edgar_0001553264_000168316822008699_aquapower-ex1011,property_type,FN_missed,industrial,
ner_hybrid,edgar_0001553264_000168316822008699_aquapower-ex1011,premises_area_sqft,FN_missed,389319.0,
ner_hybrid,edgar_0001553264_000168316822008699_aquapower-ex1011,lease_start_date,FN_missed,2022-12-01,
ner_hybrid,edgar_0001553264_000168316822008699_aquapower-ex1011,base_rent_amount,FN_missed,126528.68,
ner_hybrid,edgar_0001553264_000168316822008699_aquapower-ex1011,rent_frequency,FN_missed,monthly,
ner_hybrid,edgar_0001617553_000161755322000054_ex101terminationofleaseagr,tenant_name,FP_FN_wrong_value,ziprecruiter inc,llc
ner_hybrid,edgar_0001617553_000161755322000054_ex101terminationofleaseagr,property_address,FP_FN_wrong_value,40 east rio salado tempe arizona 85281,delaware
ner_hybrid,edgar_0001617553_000161755322000054_ex101terminationofleaseagr,property_type,FN_missed,commercial,
ner_hybrid,edgar_0001617553_000161755322000054_ex101terminationofleaseagr,premises_area_sqft,FN_missed,27135.0,
ner_hybrid,edgar_0001617553_000161755322000054_ex101terminationofleaseagr,lease_start_date,FN_missed,2016-11-08,
ner_hybrid,edgar_0001617553_000161755322000054_ex101terminationofleaseagr,lease_end_date,FN_missed,2023-01-15,
ner_hybrid,edgar_0001650164_000165016423000159_ex101toastleasetermination,landlord_name,FN_missed,are ma region no 88 tenant llc,
ner_hybrid,edgar_0001650164_000165016423000159_ex101toastleasetermination,property_address,FP_FN_wrong_value,401 park drive boston massachusetts,ma
ner_hybrid,edgar_0001650164_000165016423000159_ex101toastleasetermination,property_type,FN_missed,commercial,
ner_hybrid,edgar_0001650164_000165016423000159_ex101toastleasetermination,premises_area_sqft,FN_missed,133789.0,
ner_hybrid,edgar_0001650164_000165016423000159_ex101toastleasetermination,lease_start_date,FN_missed,2015-06-12,
ner_hybrid,edgar_0001650164_000165016423000159_ex101toastleasetermination,lease_end_date,FN_missed,2023-06-30,
ner_hybrid,edgar_0001689375_000168937524000016_ex1014entrada-idbleaseagre,landlord_name,FP_FN_wrong_value,idb 17 19 drydock limited partnership,delaware limited partnership
ner_hybrid,edgar_0001689375_000168937524000016_ex1014entrada-idbleaseagre,tenant_name,FP_FN_wrong_value,entrada therapeutics inc,e
ner_hybrid,edgar_0001689375_000168937524000016_ex1014entrada-idbleaseagre,property_address,FP_FN_wrong_value,one design center place boston massachusetts,delaware
ner_hybrid,edgar_0001689375_000168937524000016_ex1014entrada-idbleaseagre,property_type,FN_missed,commercial,
ner_hybrid,edgar_0001689375_000168937524000016_ex1014entrada-idbleaseagre,premises_area_sqft,FN_missed,81442.0,
ner_hybrid,edgar_0001689375_000168937524000016_ex1014entrada-idbleaseagre,lease_start_date,FN_missed,2022-04-01,
ner_hybrid,edgar_0001708176_000121390022070683_ea168341ex10-2-halloffame,landlord_name,FP_FN_wrong_value,hfakoh001 llc,h
ner_hybrid,edgar_0001708176_000121390022070683_ea168341ex10-2-halloffame,tenant_name,FP_FN_wrong_value,hof village waterpark llc,kirkland ellis ll
ner_hybrid,edgar_0001708176_000121390022070683_ea168341ex10-2-halloffame,property_address,FP_hallucinated,,delaware
ner_hybrid,edgar_0001708176_000121390022070683_ea168341ex10-2-halloffame,property_type,FN_missed,commercial,
ner_hybrid,edgar_0001708176_000121390022070683_ea168341ex10-2-halloffame,lease_start_date,FN_missed,2022-11-07,
ner_hybrid,edgar_0001708176_000121390024018617_ea0200951ex10-4-halloffame,landlord_name,FP_FN_wrong_value,hfakoh001 llc,land
ner_hybrid,edgar_0001708176_000121390024018617_ea0200951ex10-4-halloffame,tenant_name,FP_FN_wrong_value,hof village waterpark llc,wa
ner_hybrid,edgar_0001708176_000121390024018617_ea0200951ex10-4-halloffame,property_address,FP_hallucinated,,delaware
ner_hybrid,edgar_0001708176_000121390024018617_ea0200951ex10-4-halloffame,property_type,FN_missed,commercial,
ner_hybrid,edgar_0001708176_000121390024018617_ea0200951ex10-4-halloffame,lease_start_date,FN_missed,2022-11-07,
ner_hybrid,edgar_0001710583_000171058322000046_ninthamendmenttoleasedated,landlord_name,FP_FN_wrong_value,beltway business park office no 2 llc,las vegas digital exchange
ner_hybrid,edgar_0001710583_000171058322000046_ninthamendmenttoleasedated,tenant_name,FP_FN_wrong_value,innevation l l c,beltway business park office no
ner_hybrid,edgar_0001710583_000171058322000046_ninthamendmenttoleasedated,property_type,FN_missed,commercial,
ner_hybrid,edgar_0001710583_000171058322000046_ninthamendmenttoleasedated,premises_area_sqft,FN_missed,38031.0,
ner_hybrid,edgar_0001710583_000171058322000046_ninthamendmenttoleasedated,lease_start_date,FN_missed,2012-04-24,
ner_hybrid,edgar_0001807893_000107997324000379_ex10x7,landlord_name,FP_FN_wrong_value,marlenko acquisitions llc,mar
ner_hybrid,edgar_0001807893_000107997324000379_ex10x7,tenant_name,FN_missed,standard premium finance management corporation,
ner_hybrid,edgar_0001807893_000107997324000379_ex10x7,property_type,FN_missed,commercial,
ner_hybrid,edgar_0001807893_000107997324000379_ex10x7,lease_start_date,FN_missed,2024-03-01,
ner_hybrid,edgar_0001807893_000107997324000379_ex10x7,lease_end_date,FN_missed,2026-02-28,
ner_hybrid,edgar_0001807893_000107997324000379_ex10x7,term_length_months,FN_missed,24,
ner_hybrid,edgar_0001807893_000107997324000379_ex10x7,base_rent_amount,FN_missed,7048.8,
ner_hybrid,edgar_0001807893_000107997324000379_ex10x7,rent_frequency,FN_missed,monthly,
ner_hybrid,edgar_0001823239_000182323924000032_aex1016xflandersleaseamend,landlord_name,FP_FN_wrong_value,10240 flanders investors llc,t
ner_hybrid,edgar_0001823239_000182323924000032_aex1016xflandersleaseamend,property_address,FP_FN_wrong_value,10240 flanders court and 10247 flanders court san diego california,delaware
ner_hybrid,edgar_0001823239_000182323924000032_aex1016xflandersleaseamend,property_type,FN_missed,industrial,
ner_hybrid,edgar_0001823239_000182323924000032_aex1016xflandersleaseamend,premises_area_sqft,FN_missed,65006.0,
ner_hybrid,edgar_0001823239_000182323924000032_aex1016xflandersleaseamend,lease_start_date,FN_missed,2021-08-06,
ner_hybrid,edgar_0001823239_000182323924000032_aex1017xflandersleaseamend,landlord_name,FP_FN_wrong_value,10240 flanders investors llc,biotechnologies llc
ner_hybrid,edgar_0001823239_000182323924000032_aex1017xflandersleaseamend,tenant_name,FP_FN_wrong_value,trilink biotechnologies llc,ten
ner_hybrid,edgar_0001823239_000182323924000032_aex1017xflandersleaseamend,property_address,FP_FN_wrong_value,10240 flanders court and 10247 flanders court san diego california,delaware
ner_hybrid,edgar_0001823239_000182323924000032_aex1017xflandersleaseamend,property_type,FN_missed,industrial,
ner_hybrid,edgar_0001823239_000182323924000032_aex1017xflandersleaseamend,premises_area_sqft,FN_missed,65006.0,
ner_hybrid,edgar_0001823239_000182323924000032_aex1017xflandersleaseamend,lease_start_date,FN_missed,2021-08-06,
ner_hybrid,edgar_0001841425_000121390024027258_ea020147501ex10-22-verde,landlord_name,FN_missed,hillsborough park l l c,
ner_hybrid,edgar_0001841425_000121390024027258_ea020147501ex10-22-verde,tenant_name,FP_FN_wrong_value,bluescape clean fuels llc,b
ner_hybrid,edgar_0001841425_000121390024027258_ea020147501ex10-22-verde,property_address,FP_hallucinated,,l
ner_hybrid,edgar_0001841425_000121390024027258_ea020147501ex10-22-verde,property_type,FN_missed,industrial,
ner_hybrid,edgar_0001841425_000121390024027258_ea020147501ex10-22-verde,premises_area_sqft,FN_missed,34388.0,
ner_hybrid,edgar_0001841425_000121390024027258_ea020147501ex10-22-verde,lease_start_date,FN_missed,2011-03-01,
ner_hybrid,edgar_0001872525_000121390023044681_ea179615ex10-1-stranandco,tenant_name,FP_FN_wrong_value,stran company inc,stran comp
ner_hybrid,edgar_0001872525_000121390023044681_ea179615ex10-1-stranandco,property_type,FN_missed,commercial,
ner_hybrid,edgar_0001872525_000121390023044681_ea179615ex10-1-stranandco,lease_start_date,FN_missed,2023-06-01,
ner_hybrid,edgar_0001872525_000121390023044681_ea179615ex10-1-stranandco,lease_end_date,FN_missed,2033-05-31,
ner_hybrid,edgar_0001872525_000121390023044681_ea179615ex10-1-stranandco,term_length_months,FN_missed,120,
ner_hybrid,edgar_0001872525_000121390023044681_ea179615ex10-1-stranandco,base_rent_amount,FN_missed,14962.5,
ner_hybrid,edgar_0001872525_000121390023044681_ea179615ex10-1-stranandco,rent_frequency,FN_missed,monthly,
ner_hybrid,edgar_0001899287_000189928723000037_leaseagreementdatedapril15,tenant_name,FP_FN_wrong_value,amprius technologies inc,llc
ner_hybrid,edgar_0001899287_000189928723000037_leaseagreementdatedapril15,property_address,FP_FN_wrong_value,18875 east bromley lane brighton colorado 80601,delaware
ner_hybrid,edgar_0001899287_000189928723000037_leaseagreementdatedapril15,property_type,FN_missed,industrial,
ner_hybrid,edgar_0001899287_000189928723000037_leaseagreementdatedapril15,premises_area_sqft,FN_missed,774155.0,
ner_hybrid,edgar_0001899287_000189928723000037_leaseagreementdatedapril15,lease_start_date,FN_missed,2023-04-15,
llm_structured,edgar_0000024741_000120677424000271_glw4309191-ex103,property_address,FN_missed,town 12 north range 2 east richland township saginaw county michigan,
llm_structured,edgar_0000024741_000120677424000271_glw4309191-ex103,term_length_months,FP_hallucinated,,84
llm_structured,edgar_0000024741_000120677424000271_glw4309191-ex103,rent_frequency,FN_missed,monthly,
llm_structured,edgar_0000029332_000002933224000020_ex10-53leaseagreementbetwe,landlord_name,FN_missed,adairsville ga llc,
llm_structured,edgar_0000029332_000002933224000020_ex10-53leaseagreementbetwe,tenant_name,FN_missed,tdg operations llc,
llm_structured,edgar_0000029332_000002933224000020_ex10-53leaseagreementbetwe,property_address,FN_missed,400 princeton boulevard adairsville gerogia 30103,
llm_structured,edgar_0000029332_000002933224000020_ex10-53leaseagreementbetwe,property_type,FN_missed,commercial,
llm_structured,edgar_0000029332_000002933224000020_ex10-53leaseagreementbetwe,premises_area_sqft,FN_missed,294020.0,
llm_structured,edgar_0000029332_000002933224000020_ex10-53leaseagreementbetwe,term_length_months,FN_missed,120,
llm_structured,edgar_0000029332_000002933224000020_ex10-53leaseagreementbetwe,base_rent_amount,FN_missed,1495660.0,
llm_structured,edgar_0000029332_000002933224000020_ex10-53leaseagreementbetwe,rent_frequency,FN_missed,annual,
llm_structured,edgar_0000768835_000076883523000091_ex102biglotslease,property_address,FP_FN_wrong_value,445 s figueroa street 14 th floor los angeles california 90071,apple valley san bernardino county california
llm_structured,edgar_0000768835_000076883523000091_ex102biglotslease,property_type,FP_FN_wrong_value,commercial,industrial
llm_structured,edgar_0000768835_000076883523000091_ex102biglotslease,lease_end_date,FN_missed,2028-03-15,
llm_structured,edgar_0000879911_000121390023051014_ea180790ex10-1-applied,property_type,FP_FN_wrong_value,industrial,other
llm_structured,edgar_0000879911_000121390023051617_ea180931ex10-1-applied,premises_area_sqft,FN_missed,18180.0,
llm_structured,edgar_0000879911_000121390023051617_ea180931ex10-1-applied,lease_start_date,FN_missed,2021-03-15,
llm_structured,edgar_0000895464_000164033423000632_yubo-ex101,property_address,FP_hallucinated,,attached no 118 building 9 no 333 section 1 of furong avenue yongning town wenjiang district chengdu
llm_structured,edgar_0000895464_000164033423000632_yubo-ex101,premises_area_sqft,FN_missed,1282.34,
llm_structured,edgar_0000895464_000164033423000632_yubo-ex101,base_rent_amount,FP_FN_wrong_value,330844.0,661687.0
llm_structured,edgar_0000899923_000089992324000018_phasei-leaseterminationagr,lease_start_date,FP_FN_wrong_value,2016-02-03,1995-10-12
llm_structured,edgar_0000899923_000089992324000018_phaseii-leaseterminationag,lease_start_date,FP_FN_wrong_value,2016-02-03,1998-03-06
llm_structured,edgar_0000899923_000089992324000018_phaseii-leaseterminationag,lease_end_date,FP_FN_wrong_value,2023-12-18,2025-12-31
llm_structured,edgar_0001017303_000114036124013040_ef20015290-ex10-16,property_address,FP_hallucinated,,20 bomax drive village of lansing county of tompkins state of new york
llm_structured,edgar_0001017303_000114036124013040_ef20015290-ex10-16,property_type,FP_FN_wrong_value,commercial,industrial
llm_structured,edgar_0001017303_000114036124013040_ef20015290-ex10-16,lease_start_date,FN_missed,2001-07-18,
llm_structured,edgar_0001017303_000114036124013040_ef20015290-ex10-16,lease_end_date,FN_missed,2011-07-18,
llm_structured,edgar_0001040161_000104016124000010_sanjoseleaseamendmentex1019,premises_area_sqft,FP_FN_wrong_value,10051.0,5862.0
llm_structured,edgar_0001040161_000104016124000010_sanjoseleaseamendmentex1019,lease_start_date,FP_hallucinated,,2024-10-01
llm_structured,edgar_0001040161_000104016124000010_sanjoseleaseamendmentex1019,lease_end_date,FP_hallucinated,,2028-02-29
llm_structured,edgar_0001040161_000104016124000010_sanjoseleaseamendmentex1019,term_length_months,FP_hallucinated,,41
llm_structured,edgar_0001040161_000104016124000010_sanjoseleaseamendmentex1019,base_rent_amount,FP_FN_wrong_value,22568.0,22568.7
llm_structured,edgar_0001074828_000165495422016732_knwn-ex1031,property_type,FP_FN_wrong_value,residential,commercial
llm_structured,edgar_0001075531_000107553122000046_saleleasebackspaexredacted,lease_start_date,FN_missed,2022-12-14,
llm_structured,edgar_0001075531_000107553122000046_saleleasebackspaexredacted,base_rent_amount,FN_missed,1631422.27,
llm_structured,edgar_0001075531_000107553122000046_saleleasebackspaexredacted,rent_frequency,FN_missed,annual,
llm_structured,edgar_0001095315_000109531522000095_freeportlease-pfswebexecut,property_type,FP_FN_wrong_value,commercial,industrial
llm_structured,edgar_0001095315_000109531522000095_freeportlease-pfswebexecut,lease_start_date,FN_missed,2023-07-01,
llm_structured,edgar_0001279620_000121390022077621_ea169621ex10-3-zonedpro,property_type,FP_FN_wrong_value,commercial,retail
llm_structured,edgar_0001279620_000121390022077621_ea169621ex10-3-zonedpro,term_length_months,FP_FN_wrong_value,180,168
llm_structured,edgar_0001279620_000121390022077621_ea169621ex10-3-zonedpro,base_rent_amount,FN_missed,40318.82,
llm_structured,edgar_0001279620_000121390023039488_f10q0323ex10-4-zonedprop,property_type,FP_FN_wrong_value,industrial,retail
llm_structured,edgar_0001350102_000121390023031708_ea177087ex10-2-ascentsolar,property_type,FP_FN_wrong_value,industrial,commercial
llm_structured,edgar_0001350102_000121390023031708_ea177087ex10-2-ascentsolar,lease_start_date,FN_missed,2023-04-17,
llm_structured,edgar_0001350102_000121390023031708_ea177087ex10-2-ascentsolar,lease_end_date,FP_hallucinated,,2026-11-30
llm_structured,edgar_0001376339_000137633924000009_a102d-20240126leasefourtha,property_type,FP_hallucinated,,commercial
llm_structured,edgar_0001376339_000137633924000009_a102d-20240126leasefourtha,lease_start_date,FP_FN_wrong_value,2013-01-25,2025-02-01
llm_structured,edgar_0001376339_000137633924000009_a102d-20240126leasefourtha,lease_end_date,FP_hallucinated,,2026-07-31
llm_structured,edgar_0001376339_000137633924000009_a102d-20240126leasefourtha,term_length_months,FP_hallucinated,,18
llm_structured,edgar_0001376339_000137633924000009_a102d-20240126leasefourtha,base_rent_amount,FP_hallucinated,,1270477.14
llm_structured,edgar_0001376339_000137633924000009_a102d-20240126leasefourtha,rent_frequency,FP_hallucinated,,annual
llm_structured,edgar_0001391135_000109690623000958_lsfp-ex10z77,tenant_name,FP_FN_wrong_value,lifted liquids inc,oculus crs llc
llm_structured,edgar_0001391135_000109690623000958_lsfp-ex10z77,property_type,FP_hallucinated,,industrial
llm_structured,edgar_0001391135_000109690623000958_lsfp-ex10z77,premises_area_sqft,FP_hallucinated,,4800.0
llm_structured,edgar_0001391135_000109690623000958_lsfp-ex10z77,term_length_months,FP_hallucinated,,12
llm_structured,edgar_0001391135_000109690623000958_lsfp-ex10z77,base_rent_amount,FP_hallucinated,,3850.0
llm_structured,edgar_0001391135_000109690623000958_lsfp-ex10z77,rent_frequency,FP_hallucinated,,monthly
llm_structured,edgar_0001391135_000109690624000671_lsfp-ex1089,base_rent_amount,FP_FN_wrong_value,2500.0,30000.0
llm_structured,edgar_0001391135_000109690624000671_lsfp-ex1089,rent_frequency,FP_FN_wrong_value,monthly,annual
llm_structured,edgar_0001398805_000168316824001808_beam-ex1001,premises_area_sqft,FP_FN_wrong_value,15582.0,37800.0
llm_structured,edgar_0001398805_000168316824001808_beam-ex1001,lease_end_date,FN_missed,2029-01-31,
llm_structured,edgar_0001415813_000168316823004406_unmonde-ex1004,base_rent_amount,FP_hallucinated,,4109.16
llm_structured,edgar_0001415813_000168316823004406_unmonde-ex1004,rent_frequency,FP_hallucinated,,monthly
llm_structured,edgar_0001450704_000168316822008581_vivakor-ex1001,base_rent_amount,FP_hallucinated,,11375.0
llm_structured,edgar_0001450704_000168316822008581_vivakor-ex1001,rent_frequency,FP_hallucinated,,monthly
llm_structured,edgar_0001453687_000145368724000036_exhibit1011aleaseagreement,lease_start_date,FN_missed,2018-11-01,
llm_structured,edgar_0001453687_000145368724000036_exhibit1011aleaseagreement,lease_end_date,FN_missed,2024-05-01,
llm_structured,edgar_0001453687_000145368724000036_exhibit1011aleaseagreement,rent_frequency,FP_FN_wrong_value,annual,monthly
llm_structured,edgar_0001453687_000145368724000036_exhibit1012leasebetween749,lease_start_date,FN_missed,2024-02-28,
llm_structured,edgar_0001453687_000145368724000036_exhibit1012leasebetween749,lease_end_date,FN_missed,2031-02-28,
llm_structured,edgar_0001453687_000145368724000036_exhibit1012leasebetween749,base_rent_amount,FP_FN_wrong_value,75196.08,902353.0
llm_structured,edgar_0001453687_000145368724000036_exhibit1012leasebetween749,rent_frequency,FP_FN_wrong_value,monthly,annual
llm_structured,edgar_0001551986_000155198622000102_ex-1019meterslease,property_address,FP_hallucinated,,4509 creedmoor road suite 600 raleigh north carolina 27612
llm_structured,edgar_0001551986_000155198622000102_ex-1019meterslease,rent_frequency,FP_hallucinated,,annual
llm_structured,edgar_0001553264_000168316822008699_aquapower-ex1011,premises_area_sqft,FP_FN_wrong_value,389319.0,408395.0
llm_structured,edgar_0001553264_000168316822008699_aquapower-ex1011,lease_end_date,FP_hallucinated,,2028-07-31
llm_structured,edgar_0001553264_000168316822008699_aquapower-ex1011,term_length_months,FP_hallucinated,,84
llm_structured,edgar_0001553264_000168316822008699_aquapower-ex1011,base_rent_amount,FP_FN_wrong_value,126528.68,1518344.1
llm_structured,edgar_0001553264_000168316822008699_aquapower-ex1011,rent_frequency,FP_FN_wrong_value,monthly,annual
llm_structured,edgar_0001617553_000161755322000054_ex101terminationofleaseagr,rent_frequency,FP_hallucinated,,monthly
llm_structured,edgar_0001650164_000165016423000159_ex101toastleasetermination,lease_end_date,FP_FN_wrong_value,2023-06-30,2029-12-31
llm_structured,edgar_0001650164_000165016423000159_ex101toastleasetermination,rent_frequency,FP_hallucinated,,annual
llm_structured,edgar_0001689375_000168937524000016_ex1014entrada-idbleaseagre,property_type,FP_FN_wrong_value,commercial,industrial
llm_structured,edgar_0001689375_000168937524000016_ex1014entrada-idbleaseagre,term_length_months,FP_hallucinated,,120
llm_structured,edgar_0001689375_000168937524000016_ex1014entrada-idbleaseagre,rent_frequency,FP_hallucinated,,monthly
llm_structured,edgar_0001708176_000121390022070683_ea168341ex10-2-halloffame,lease_end_date,FP_hallucinated,,2121-11-30
llm_structured,edgar_0001708176_000121390022070683_ea168341ex10-2-halloffame,rent_frequency,FP_hallucinated,,monthly
llm_structured,edgar_0001708176_000121390024018617_ea0200951ex10-4-halloffame,property_type,FP_FN_wrong_value,commercial,other
llm_structured,edgar_0001708176_000121390024018617_ea0200951ex10-4-halloffame,lease_start_date,FN_missed,2022-11-07,
llm_structured,edgar_0001708176_000121390024018617_ea0200951ex10-4-halloffame,base_rent_amount,FP_hallucinated,,4375000.0
llm_structured,edgar_0001708176_000121390024018617_ea0200951ex10-4-halloffame,rent_frequency,FP_hallucinated,,annual
llm_structured,edgar_0001710583_000171058322000046_ninthamendmenttoleasedated,premises_area_sqft,FP_FN_wrong_value,38031.0,37031.0
llm_structured,edgar_0001710583_000171058322000046_ninthamendmenttoleasedated,lease_start_date,FP_FN_wrong_value,2012-04-24,2022-09-01
llm_structured,edgar_0001710583_000171058322000046_ninthamendmenttoleasedated,lease_end_date,FP_hallucinated,,2024-05-14
llm_structured,edgar_0001710583_000171058322000046_ninthamendmenttoleasedated,term_length_months,FP_hallucinated,,21
llm_structured,edgar_0001710583_000171058322000046_ninthamendmenttoleasedated,base_rent_amount,FP_hallucinated,,83690.06
llm_structured,edgar_0001710583_000171058322000046_ninthamendmenttoleasedated,rent_frequency,FP_hallucinated,,monthly
llm_structured,edgar_0001807893_000107997324000379_ex10x7,base_rent_amount,FP_FN_wrong_value,7048.8,84585.6
llm_structured,edgar_0001807893_000107997324000379_ex10x7,rent_frequency,FP_FN_wrong_value,monthly,annual
llm_structured,edgar_0001823239_000182323924000032_aex1016xflandersleaseamend,property_type,FP_FN_wrong_value,industrial,commercial
llm_structured,edgar_0001823239_000182323924000032_aex1016xflandersleaseamend,lease_start_date,FN_missed,2021-08-06,
llm_structured,edgar_0001823239_000182323924000032_aex1017xflandersleaseamend,property_type,FP_FN_wrong_value,industrial,commercial
llm_structured,edgar_0001823239_000182323924000032_aex1017xflandersleaseamend,premises_area_sqft,FN_missed,65006.0,
llm_structured,edgar_0001823239_000182323924000032_aex1017xflandersleaseamend,lease_start_date,FN_missed,2021-08-06,
llm_structured,edgar_0001841425_000121390024027258_ea020147501ex10-22-verde,property_address,FP_hallucinated,,219 homestead road building 2 hillsborough business center hillsborough new jersey 08844
llm_structured,edgar_0001841425_000121390024027258_ea020147501ex10-22-verde,lease_start_date,FP_FN_wrong_value,2011-03-01,2024-05-01
llm_structured,edgar_0001841425_000121390024027258_ea020147501ex10-22-verde,lease_end_date,FP_hallucinated,,2025-04-30
llm_structured,edgar_0001841425_000121390024027258_ea020147501ex10-22-verde,term_length_months,FP_hallucinated,,12
llm_structured,edgar_0001841425_000121390024027258_ea020147501ex10-22-verde,base_rent_amount,FP_hallucinated,,23641.75
llm_structured,edgar_0001841425_000121390024027258_ea020147501ex10-22-verde,rent_frequency,FP_hallucinated,,monthly
llm_structured,edgar_0001872525_000121390023044681_ea179615ex10-1-stranandco,premises_area_sqft,FP_hallucinated,,99369.0
llm_structured,edgar_0001872525_000121390023044681_ea179615ex10-1-stranandco,lease_end_date,FP_FN_wrong_value,2033-05-31,2028-05-31
llm_structured,edgar_0001872525_000121390023044681_ea179615ex10-1-stranandco,term_length_months,FP_FN_wrong_value,120,60
llm_structured,edgar_0001872525_000121390023044681_ea179615ex10-1-stranandco,base_rent_amount,FP_FN_wrong_value,14962.5,179550.0
llm_structured,edgar_0001872525_000121390023044681_ea179615ex10-1-stranandco,rent_frequency,FP_FN_wrong_value,monthly,annual
llm_structured,edgar_0001899287_000189928723000037_leaseagreementdatedapril15,lease_start_date,FP_FN_wrong_value,2023-04-15,2024-06-01
llm_structured,edgar_0001899287_000189928723000037_leaseagreementdatedapril15,lease_end_date,FP_hallucinated,,2039-05-31
llm_structured,edgar_0001899287_000189928723000037_leaseagreementdatedapril15,term_length_months,FP_hallucinated,,180
llm_structured,edgar_0001899287_000189928723000037_leaseagreementdatedapril15,base_rent_amount,FP_hallucinated,,290308.13
llm_structured,edgar_0001899287_000189928723000037_leaseagreementdatedapril15,rent_frequency,FP_hallucinated,,monthly
